AGNC,Bank Credit,Misc Credit ,EM Credit,Argentina
0.000063404,,,,
0.000000044,0.000001312,,,
0.000001831,0.000000064,0.000002157,,
0.000000964,0.000000084,0.000000279,0.000001395,
0.000001609,0.000000047,0.000000421,0.000000443,0.000004218
